website,email,source,tool_name,category,personalized_opening,product_benefit,public_contact_source_url,discovered_at,contact_verified_at,discovery_run_id,outreach_drafted_at
"https://shoraapp.com/?ref=betalist","support@shoraapp.com","BetaList daily discovery","Shora","AI tools","Congrats on the recent Shora launch. The positioning around Get a guided meditation matched to your mood in minutes stood out as relevant for AIBeat readers.","","https://shoraapp.com/?ref=betalist","2026-09-28T10:13:35.670Z","2026-09-28T10:13:35.670Z","daily_2026-09-28_1790590415670_36408349680","2026-09-28T12:40:38.869Z"
"https://quickrefs.com/?ref=betalist","hello@quickrefs.com","BetaList daily discovery","Quickrefs","AI tools","Congrats on the recent Quickrefs launch. The positioning around Save links in one click, organize by context, and share curated pages stood out as relevant for AIBeat readers.","","https://quickrefs.com/?ref=betalist","2026-09-28T10:13:35.670Z","2026-09-28T10:13:35.670Z","daily_2026-09-28_1790590415670_36408349680","2026-09-28T12:40:38.869Z"
"https://getpaidlens.com/?ref=betalist","hello@getpaidlens.com","BetaList daily discovery","Paid Lens BOOSTED","AI tools","Congrats on the recent Paid Lens BOOSTED launch. The positioning around Turn cross-platform ad data into ranked, evidence-backed actions stood out as relevant for AIBeat readers.","","https://getpaidlens.com/?ref=betalist","2026-09-28T10:13:35.670Z","2026-09-28T10:13:35.670Z","daily_2026-09-28_1790590415670_36408349680","2026-09-28T12:40:38.869Z"
"https://tavi.pet/?ref=betalist","hello@tavi.pet","BetaList daily discovery","Tavi","AI tools","Congrats on the recent Tavi launch. The positioning around Your pet's vaccines, meds, and vet records private, offline, and vet-ready stood out as relevant for AIBeat readers.","","https://tavi.pet/contact","2026-09-28T10:13:35.670Z","2026-09-28T10:13:35.670Z","daily_2026-09-28_1790590415670_36408349680","2026-09-28T12:40:38.869Z"
"https://ln2crm.com/?ref=betalist","admin@ln2crm.com","BetaList daily discovery","Ln2CRM","AI tools","Congrats on the recent Ln2CRM launch. The positioning around Manage your CRM from LinkedIn with one-click save and AI follow-ups stood out as relevant for AIBeat readers.","","https://ln2crm.com/?ref=betalist","2026-09-28T10:13:35.670Z","2026-09-28T10:13:35.670Z","daily_2026-09-28_1790590415670_36408349680","2026-09-28T12:40:38.869Z"
"https://currawongweb.com/?ref=betalist","hello@currawongweb.com","BetaList daily discovery","Currawong Web","AI tools","Congrats on the recent Currawong Web launch. The positioning around Verify China suppliers with sourced, dated records you can check stood out as relevant for AIBeat readers.","","https://currawongweb.com/?ref=betalist","2026-09-28T10:13:35.670Z","2026-09-28T10:13:35.670Z","daily_2026-09-28_1790590415670_36408349680","2026-09-28T12:40:38.869Z"
"https://travelpen.io/?ref=betalist","admin@travelpen.io","BetaList daily discovery","TravelPen","AI tools","Congrats on the recent TravelPen launch. The positioning around Read real trip stories tailored to your destination and reason stood out as relevant for AIBeat readers.","","https://travelpen.io/contact","2026-09-28T10:13:35.670Z","2026-09-28T10:13:35.670Z","daily_2026-09-28_1790590415670_36408349680","2026-09-28T12:40:38.869Z"
"https://www.attache.news/?ref=betalist","contact@attache.news","BetaList daily discovery","Attaché","AI tools","Congrats on the recent Attaché launch. The positioning around Get personalized interactive news briefings over the phone stood out as relevant for AIBeat readers.","","https://www.attache.news/?ref=betalist","2026-09-28T10:13:35.670Z","2026-09-28T10:13:35.670Z","daily_2026-09-28_1790590415670_36408349680","2026-09-28T12:40:38.869Z"
"https://www.aivaultcyber.com/protect?ref=betalist","aiagent@aivaultcyber.com","BetaList daily discovery","AIVault","AI tools","Congrats on the recent AIVault launch. The positioning around Automate detection and response to stop zero-day attacks fast stood out as relevant for AIBeat readers.","","https://www.aivaultcyber.com/contact","2026-09-27T09:34:36.700Z","2026-09-27T09:34:36.700Z","daily_2026-09-27_1790501676700_36309772153","2026-09-28T12:40:38.869Z"
"https://amroagentic.com/?ref=betalist","info@amroagentic.com","BetaList daily discovery","Agentic AI Amro","AI tools","Congrats on the recent Agentic AI Amro launch. The positioning around Adopt practical AI tools for sales, content, support, images, and meetings stood out as relevant for AIBeat readers.","","https://amroagentic.com/?ref=betalist","2026-09-27T09:34:36.700Z","2026-09-27T09:34:36.700Z","daily_2026-09-27_1790501676700_36309772153","2026-09-28T12:40:38.869Z"
"https://foundersmath.app/?ref=betalist","hello@foundersmath.app","BetaList daily discovery","Founder's Math","AI tools","Congrats on the recent Founder's Math launch. The positioning around Learn to do mental math from grocery prices to company valuations stood out as relevant for AIBeat readers.","","https://foundersmath.app/pricing","2026-09-27T09:34:36.700Z","2026-09-27T09:34:36.700Z","daily_2026-09-27_1790501676700_36309772153","2026-09-28T12:40:38.869Z"
"https://parkicious.com/?ref=betalist","connect@parkicious.com","BetaList daily discovery","Parkicious","AI tools","Congrats on the recent Parkicious launch. The positioning around Find and reserve verified parking with optional on-site car care stood out as relevant for AIBeat readers.","","https://parkicious.com/?ref=betalist","2026-09-27T09:34:36.700Z","2026-09-27T09:34:36.700Z","daily_2026-09-27_1790501676700_36309772153","2026-09-28T12:40:38.869Z"
"https://www.songbrain.ai/?ref=betalist","info@songbrain.ai","BetaList daily discovery","Songbrain","AI tools","Congrats on the recent Songbrain launch. The positioning around AI song analysis that finds your track's most viral seconds stood out as relevant for AIBeat readers.","","https://www.songbrain.ai/pricing","2026-09-27T09:34:36.700Z","2026-09-27T09:34:36.700Z","daily_2026-09-27_1790501676700_36309772153","2026-09-28T12:40:38.869Z"
"https://actionbox.cloud/?utm_source=bl&ref=betalist","info@actionbox.cloud","BetaList daily discovery","Actionbox","AI tools","Congrats on the recent Actionbox launch. The positioning around Human approval for your AI agents, software, and scripts stood out as relevant for AIBeat readers.","","https://actionbox.cloud/?utm_source=bl&ref=betalist","2026-09-27T09:34:36.700Z","2026-09-27T09:34:36.700Z","daily_2026-09-27_1790501676700_36309772153","2026-09-28T12:40:38.869Z"
"https://datanem.com/?ref=betalist","sales@datanem.com","BetaList daily discovery","Datanem","AI tools","Congrats on the recent Datanem launch. The positioning around Turn folders of documents into a clean, reviewable database stood out as relevant for AIBeat readers.","","https://datanem.com/contact","2026-09-27T09:34:36.700Z","2026-09-27T09:34:36.700Z","daily_2026-09-27_1790501676700_36309772153","2026-09-28T12:40:38.869Z"
"https://fastsolve.app/?ref=betalist","support@fastsolve.app","BetaList daily discovery","FastSolve","AI tools","Congrats on the recent FastSolve launch. The positioning around Get AI homework answers inside learning platforms stood out as relevant for AIBeat readers.","","https://fastsolve.app/?ref=betalist","2026-09-27T09:34:36.700Z","2026-09-27T09:34:36.700Z","daily_2026-09-27_1790501676700_36309772153","2026-09-28T12:40:38.869Z"
"https://awdtsgchecker.org/?ref=betalist","support@awdtsgchecker.org","BetaList daily discovery","AWDTSG Checker","AI tools","Congrats on the recent AWDTSG Checker launch. The positioning around Find out if you’re named in local AWDTSG posts with a verified report stood out as relevant for AIBeat readers.","","https://awdtsgchecker.org/about","2026-09-27T09:34:36.700Z","2026-09-27T09:34:36.700Z","daily_2026-09-27_1790501676700_36309772153","2026-09-28T12:40:38.869Z"
"https://holdless.net/?ref=betalist","support@holdless.net","BetaList daily discovery","Holdless","AI tools","Congrats on the recent Holdless launch. The positioning around We hold with the IRS and get them to call you back stood out as relevant for AIBeat readers.","","https://holdless.net/?ref=betalist","2026-09-27T09:34:36.700Z","2026-09-27T09:34:36.700Z","daily_2026-09-27_1790501676700_36309772153","2026-09-28T12:40:38.869Z"
"https://www.elici.ai/?ref=betalist","nishant@elici.ai","BetaList daily discovery","ELICI","AI tools","Congrats on the recent ELICI launch. The positioning around Talk for 5 minutes and get views, leads, and customers stood out as relevant for AIBeat readers.","","https://www.elici.ai/terms","2026-09-26T08:52:20.704Z","2026-09-26T08:52:20.704Z","daily_2026-09-26_1790412740704_36231041823","2026-09-28T12:40:38.869Z"
"https://www.twin-phone.com/en?utm_source=betalist.com&ref=betalist","support@twin-phone.com","BetaList daily discovery","TwinPhone","AI tools","Congrats on the recent TwinPhone launch. The positioning around Call without SIM to 145+ countries, no subscription, rent virtual numbers stood out as relevant for AIBeat readers.","","https://www.twin-phone.com/en/help","2026-09-26T08:52:20.704Z","2026-09-26T08:52:20.704Z","daily_2026-09-26_1790412740704_36231041823","2026-09-28T12:40:38.869Z"
"https://perma.sh/?ref=betalist","info@perma.sh","BetaList daily discovery","perma.sh","AI tools","Congrats on the recent perma.sh launch. The positioning around Encrypt files locally and pay once for private storage capacity stood out as relevant for AIBeat readers.","","https://perma.sh/?ref=betalist","2026-09-26T08:52:20.704Z","2026-09-26T08:52:20.704Z","daily_2026-09-26_1790412740704_36231041823","2026-09-28T12:40:38.869Z"
"https://www.journeyjotter.ai/?ref=betalist","contact@journeyjotter.ai","BetaList daily discovery","Journey Jotter","AI tools","Congrats on the recent Journey Jotter launch. The positioning around Travel journaling in 3 minutes using your own voice stood out as relevant for AIBeat readers.","","https://www.journeyjotter.ai/?ref=betalist","2026-09-26T08:52:20.704Z","2026-09-26T08:52:20.704Z","daily_2026-09-26_1790412740704_36231041823","2026-09-28T12:40:38.869Z"
"https://myresultlab.com/?ref=betalist","support@myresultlab.com","BetaList daily discovery","MyResultLab","AI tools","Congrats on the recent MyResultLab launch. The positioning around Upload scans or lab reports and get instant plain-language answers stood out as relevant for AIBeat readers.","","https://myresultlab.com/contact","2026-09-26T08:52:20.704Z","2026-09-26T08:52:20.704Z","daily_2026-09-26_1790412740704_36231041823","2026-09-28T12:40:38.869Z"
"https://testifly.dev/?ref=betalist","contact@testifly.dev","BetaList daily discovery","Testifly","AI tools","Congrats on the recent Testifly launch. The positioning around Automate end-to-end testing with autonomous AI that maintains tests stood out as relevant for AIBeat readers.","","https://testifly.dev/pricing","2026-09-26T08:52:20.704Z","2026-09-26T08:52:20.704Z","daily_2026-09-26_1790412740704_36231041823","2026-09-28T12:40:38.869Z"
"https://beteamapp.com/?ref=betalist","hello@beteamapp.com","BetaList daily discovery","BeTeam","AI tools","Congrats on the recent BeTeam launch. The positioning around Run a private sports prediction league with friends, no money involved stood out as relevant for AIBeat readers.","","https://beteamapp.com/?ref=betalist","2026-09-26T08:52:20.704Z","2026-09-26T08:52:20.704Z","daily_2026-09-26_1790412740704_36231041823","2026-09-28T12:40:38.869Z"
"https://www.sitesradar.com/?ref=betalist","info@sitesradar.com","BetaList daily discovery","SitesRadar","AI tools","Congrats on the recent SitesRadar launch. The positioning around Monitor client websites and get alerts when anything regresses stood out as relevant for AIBeat readers.","","https://www.sitesradar.com/?ref=betalist","2026-09-26T08:52:20.704Z","2026-09-26T08:52:20.704Z","daily_2026-09-26_1790412740704_36231041823","2026-09-28T12:40:38.869Z"
"https://trybreakmoves.com/?ref=betalist","support@trybreakmoves.com","BetaList daily discovery","BreakMoves","AI tools","Congrats on the recent BreakMoves launch. The positioning around Turn TV breaks and daily pauses into quick movement bursts stood out as relevant for AIBeat readers.","","https://trybreakmoves.com/?ref=betalist","2026-09-25T09:08:34.464Z","2026-09-25T09:08:34.464Z","daily_2026-09-25_1790327314464_36116710775","2026-09-28T12:40:38.869Z"
"https://vlogme.ai/?ref=betalist","sales@vlogme.ai","BetaList daily discovery","VlogMe","AI tools","Congrats on the recent VlogMe launch. The positioning around Plan, generate, and edit complete AI videos in one workflow stood out as relevant for AIBeat readers.","","https://vlogme.ai/?ref=betalist","2026-09-25T09:08:34.464Z","2026-09-25T09:08:34.464Z","daily_2026-09-25_1790327314464_36116710775","2026-09-28T12:40:38.869Z"
"https://dividendstacker.com/?ref=betalist","team@dividendstacker.com","BetaList daily discovery","Dividend Stacker","AI tools","Congrats on the recent Dividend Stacker launch. The positioning around Track high-yield ETF payouts and plan dividend income with real data stood out as relevant for AIBeat readers.","","https://dividendstacker.com/?ref=betalist","2026-09-25T09:08:34.464Z","2026-09-25T09:08:34.464Z","daily_2026-09-25_1790327314464_36116710775","2026-09-28T12:40:38.869Z"
"https://hourwright.app/?ref=betalist","info@hourwright.app","BetaList daily discovery","Auto-Scheduler","AI tools","Congrats on the recent Auto-Scheduler launch. The positioning around Automatically time-block tasks into free gaps on your calendar stood out as relevant for AIBeat readers.","","https://hourwright.app/pricing","2026-09-25T09:08:34.464Z","2026-09-25T09:08:34.464Z","daily_2026-09-25_1790327314464_36116710775","2026-09-28T12:40:38.869Z"
"https://matthewkellogg.io/?ref=betalist","contact@matthewkellogg.io","BetaList daily discovery","Matthew Kellogg","AI tools","Congrats on the recent Matthew Kellogg launch. The positioning around Reputation management, SEO, and AI engine optimization consultant stood out as relevant for AIBeat readers.","","https://matthewkellogg.io/contact/","2026-09-25T09:08:34.464Z","2026-09-25T09:08:34.464Z","daily_2026-09-25_1790327314464_36116710775","2026-09-28T12:40:38.869Z"
"https://www.chatincart.com/?ref=betalist","support@chatincart.com","BetaList daily discovery","ChatInCart","AI tools","Congrats on the recent ChatInCart launch. The positioning around Deploy an AI support agent that learns from your site and answers 24/7 stood out as relevant for AIBeat readers.","","https://www.chatincart.com/terms","2026-09-24T11:01:43.489Z","2026-09-24T11:01:43.489Z","daily_2026-09-24_1790247703489_35990549501","2026-09-28T12:40:38.869Z"
"https://upfling.host/?ref=betalist","support@upfling.host","BetaList daily discovery","Upfling.host","AI tools","Congrats on the recent Upfling.host launch. The positioning around Host any site or file by dragging it in and get a live URL in 20 seconds stood out as relevant for AIBeat readers.","","https://upfling.host/contact","2026-09-24T11:01:43.489Z","2026-09-24T11:01:43.489Z","daily_2026-09-24_1790247703489_35990549501","2026-09-28T12:40:38.869Z"
"https://www.dardaris.com/?ref=betalist","support@dardaris.com","BetaList daily discovery","Dardaris","AI tools","Congrats on the recent Dardaris launch. The positioning around Automate property admin while keeping key decisions in your hands stood out as relevant for AIBeat readers.","","https://www.dardaris.com/support","2026-09-24T11:01:43.489Z","2026-09-24T11:01:43.489Z","daily_2026-09-24_1790247703489_35990549501","2026-09-28T12:40:38.869Z"
"https://docsalot.dev/","faizank@docsalot.dev","Product hunt","Docsalot","AI startup","I saw Docsalot in the Product hunt lead list and wanted to congratulate you on the visibility there. AIBeat could help turn that launch attention into a more durable discovery path through a searchable listing, newsletter mention, article, or Spotlight feature.","","https://www.producthunt.com","","2026-09-28T12:15:57.620Z","","2026-09-28T12:40:38.869Z"
"https://pluribox.com/","hello@pluribox.com","Beta list","Pluribox","AI startup","I saw Pluribox in the Beta list lead list and wanted to congratulate you on the visibility there. AIBeat could help turn that launch attention into a more durable discovery path through a searchable listing, newsletter mention, article, or Spotlight feature.","","https://betalist.com","","2026-09-28T12:15:57.620Z","","2026-09-28T12:40:38.869Z"
"https://relationshipbuilderpro.com/","rgordonpiu@gmail.com","Beta list","Relationshipbuilderpro","AI startup","I saw Relationshipbuilderpro in the Beta list lead list and wanted to congratulate you on the visibility there. AIBeat could help turn that launch attention into a more durable discovery path through a searchable listing, newsletter mention, article, or Spotlight feature.","","https://betalist.com","","2026-09-28T12:15:57.620Z","","2026-09-28T12:40:38.869Z"
"https://videotourl.net/","support@videotourl.net","Beta list","Videotourl","AI startup","I saw Videotourl in the Beta list lead list and wanted to congratulate you on the visibility there. AIBeat could help turn that launch attention into a more durable discovery path through a searchable listing, newsletter mention, article, or Spotlight feature.","","https://betalist.com","","2026-09-28T12:15:57.620Z","","2026-09-28T12:40:38.869Z"
"https://beatmo.live/","info@beatmo.live","Beta list","Beatmo","AI startup","I saw Beatmo in the Beta list lead list and wanted to congratulate you on the visibility there. AIBeat could help turn that launch attention into a more durable discovery path through a searchable listing, newsletter mention, article, or Spotlight feature.","","https://betalist.com","","2026-09-28T12:15:57.620Z","","2026-09-28T12:40:38.869Z"
"https://dopamizer.com/","support@thornveldsystems.com","Beta list","Dopamizer","AI startup","I saw Dopamizer in the Beta list lead list and wanted to congratulate you on the visibility there. AIBeat could help turn that launch attention into a more durable discovery path through a searchable listing, newsletter mention, article, or Spotlight feature.","","https://betalist.com","","2026-09-28T12:15:57.620Z","","2026-09-28T12:40:38.869Z"
"https://prompt2cad.com/","support@prompt2cad.com","Beta list","Prompt2cad","AI startup","I saw Prompt2cad in the Beta list lead list and wanted to congratulate you on the visibility there. AIBeat could help turn that launch attention into a more durable discovery path through a searchable listing, newsletter mention, article, or Spotlight feature.","","https://betalist.com","","2026-09-28T12:15:57.620Z","","2026-09-28T12:40:38.869Z"
"https://mcpvault.io/","hello@mcpvault.io","Beta list","Mcpvault","AI startup","I saw Mcpvault in the Beta list lead list and wanted to congratulate you on the visibility there. AIBeat could help turn that launch attention into a more durable discovery path through a searchable listing, newsletter mention, article, or Spotlight feature.","","https://betalist.com","","2026-09-28T12:15:57.620Z","","2026-09-28T12:40:38.869Z"
"https://agentmentor.dev/","support@agentmentor.dev","Beta list","Agentmentor","AI startup","I saw Agentmentor in the Beta list lead list and wanted to congratulate you on the visibility there. AIBeat could help turn that launch attention into a more durable discovery path through a searchable listing, newsletter mention, article, or Spotlight feature.","","https://betalist.com","","2026-09-28T12:15:57.620Z","","2026-09-28T12:40:38.869Z"
"https://remind.ing/","chris@remind.ing","Product hunt","Remind","AI startup","I saw Remind in the Product hunt lead list and wanted to congratulate you on the visibility there. AIBeat could help turn that launch attention into a more durable discovery path through a searchable listing, newsletter mention, article, or Spotlight feature.","","https://www.producthunt.com","","2026-09-28T12:15:57.620Z","","2026-09-28T12:40:38.869Z"
"https://tucky.io/","contact@tucky.io","Product hunt","Tucky","AI startup","I saw Tucky in the Product hunt lead list and wanted to congratulate you on the visibility there. AIBeat could help turn that launch attention into a more durable discovery path through a searchable listing, newsletter mention, article, or Spotlight feature.","","https://www.producthunt.com","","2026-09-28T12:15:57.620Z","","2026-09-28T12:40:38.869Z"
"https://assistapp.dev/","abhishek@thinkingsoundlab.com","Product hunt","Assistapp","AI startup","I saw Assistapp in the Product hunt lead list and wanted to congratulate you on the visibility there. AIBeat could help turn that launch attention into a more durable discovery path through a searchable listing, newsletter mention, article, or Spotlight feature.","","https://www.producthunt.com","","2026-09-28T12:15:57.620Z","","2026-09-28T12:40:38.869Z"
"https://koloqr.com/","support@koloqr.com","Beta list","Koloqr","AI startup","I saw Koloqr in the Beta list lead list and wanted to congratulate you on the visibility there. AIBeat could help turn that launch attention into a more durable discovery path through a searchable listing, newsletter mention, article, or Spotlight feature.","","https://betalist.com","","2026-09-28T12:15:57.620Z","","2026-09-28T12:40:38.869Z"
"https://heyo.live/","contact@heyo.live","Beta list","Heyo","AI startup","I saw Heyo in the Beta list lead list and wanted to congratulate you on the visibility there. AIBeat could help turn that launch attention into a more durable discovery path through a searchable listing, newsletter mention, article, or Spotlight feature.","","https://betalist.com","","2026-09-28T12:15:57.620Z","","2026-09-28T12:40:38.869Z"
"https://mysocialsaver.com/","info@mysocialsaver.com","Beta list","Mysocialsaver","AI startup","I saw Mysocialsaver in the Beta list lead list and wanted to congratulate you on the visibility there. AIBeat could help turn that launch attention into a more durable discovery path through a searchable listing, newsletter mention, article, or Spotlight feature.","","https://betalist.com","","2026-09-28T12:15:57.620Z","","2026-09-28T12:40:38.869Z"
"https://videoupscaler.com/","support@videoupscaler.com","Beta list","Videoupscaler","AI startup","I saw Videoupscaler in the Beta list lead list and wanted to congratulate you on the visibility there. AIBeat could help turn that launch attention into a more durable discovery path through a searchable listing, newsletter mention, article, or Spotlight feature.","","https://betalist.com","","2026-09-28T12:15:57.620Z","","2026-09-28T12:40:38.869Z"
"https://zugrow.com/","hello@zugrow.com","Beta list","Zugrow","AI startup","I saw Zugrow in the Beta list lead list and wanted to congratulate you on the visibility there. AIBeat could help turn that launch attention into a more durable discovery path through a searchable listing, newsletter mention, article, or Spotlight feature.","","https://betalist.com","","2026-09-28T12:15:57.620Z","","2026-09-28T12:40:38.869Z"
"https://customstamps.ai/","info@customstamps.ai","Beta list","Customstamps","AI startup","I saw Customstamps in the Beta list lead list and wanted to congratulate you on the visibility there. AIBeat could help turn that launch attention into a more durable discovery path through a searchable listing, newsletter mention, article, or Spotlight feature.","","https://betalist.com","","2026-09-28T12:15:57.620Z","","2026-09-28T12:40:38.869Z"
"https://refresh.kiwi/","info@refresh.kiwi","Beta list","Refresh","AI startup","I saw Refresh in the Beta list lead list and wanted to congratulate you on the visibility there. AIBeat could help turn that launch attention into a more durable discovery path through a searchable listing, newsletter mention, article, or Spotlight feature.","","https://betalist.com","","2026-09-28T12:15:57.620Z","","2026-09-28T12:40:38.869Z"
"https://weezpr.com/","jorge@weezpr.com","Beta list","Weezpr","AI startup","I saw Weezpr in the Beta list lead list and wanted to congratulate you on the visibility there. AIBeat could help turn that launch attention into a more durable discovery path through a searchable listing, newsletter mention, article, or Spotlight feature.","","https://betalist.com","","2026-09-28T12:15:57.620Z","","2026-09-28T12:40:38.869Z"
"https://gptinf.com/","support@gptinf.com","Beta list","Gptinf","AI startup","I saw Gptinf in the Beta list lead list and wanted to congratulate you on the visibility there. AIBeat could help turn that launch attention into a more durable discovery path through a searchable listing, newsletter mention, article, or Spotlight feature.","","https://betalist.com","","2026-09-28T12:15:57.620Z","","2026-09-28T12:40:38.869Z"
"https://equipreg.ai/","hello@equipreg.ai","Beta list","Equipreg","AI startup","I saw Equipreg in the Beta list lead list and wanted to congratulate you on the visibility there. AIBeat could help turn that launch attention into a more durable discovery path through a searchable listing, newsletter mention, article, or Spotlight feature.","","https://betalist.com","","2026-09-28T12:15:57.620Z","","2026-09-28T12:40:38.869Z"
"https://manual.trancy.org/","support@trancy.org","Product hunt","Manual","AI startup","I saw Manual in the Product hunt lead list and wanted to congratulate you on the visibility there. AIBeat could help turn that launch attention into a more durable discovery path through a searchable listing, newsletter mention, article, or Spotlight feature.","","https://www.producthunt.com","","2026-09-28T12:15:57.620Z","","2026-09-28T12:40:38.869Z"
"https://thecatenary.app/","support@thecatenary.app","Product hunt","Thecatenary","AI startup","I saw Thecatenary in the Product hunt lead list and wanted to congratulate you on the visibility there. AIBeat could help turn that launch attention into a more durable discovery path through a searchable listing, newsletter mention, article, or Spotlight feature.","","https://www.producthunt.com","","2026-09-28T12:15:57.620Z","","2026-09-28T12:40:38.869Z"
"https://knockin.info/","public@luciusai.com","Product hunt","Knockin","AI startup","I saw Knockin in the Product hunt lead list and wanted to congratulate you on the visibility there. AIBeat could help turn that launch attention into a more durable discovery path through a searchable listing, newsletter mention, article, or Spotlight feature.","","https://www.producthunt.com","","2026-09-28T12:15:57.620Z","","2026-09-28T12:40:38.869Z"
"https://usekopai.com/","hey@usekopai.com","Product hunt","Usekopai","AI startup","I saw Usekopai in the Product hunt lead list and wanted to congratulate you on the visibility there. AIBeat could help turn that launch attention into a more durable discovery path through a searchable listing, newsletter mention, article, or Spotlight feature.","","https://www.producthunt.com","","2026-09-28T12:15:57.620Z","","2026-09-28T12:40:38.869Z"
"https://tables.so/","info@tables.so","Product hunt","Tables","AI startup","I saw Tables in the Product hunt lead list and wanted to congratulate you on the visibility there. AIBeat could help turn that launch attention into a more durable discovery path through a searchable listing, newsletter mention, article, or Spotlight feature.","","https://www.producthunt.com","","2026-09-28T12:15:57.620Z","","2026-09-28T12:40:38.869Z"
"https://pastea.app/","hello@pastea.app","Product hunt","Pastea","AI startup","I saw Pastea in the Product hunt lead list and wanted to congratulate you on the visibility there. AIBeat could help turn that launch attention into a more durable discovery path through a searchable listing, newsletter mention, article, or Spotlight feature.","","https://www.producthunt.com","","2026-09-28T12:15:57.620Z","","2026-09-28T12:40:38.869Z"
"https://risume.com/","info@risume.com","Beta list","Risume","AI startup","I saw Risume in the Beta list lead list and wanted to congratulate you on the visibility there. AIBeat could help turn that launch attention into a more durable discovery path through a searchable listing, newsletter mention, article, or Spotlight feature.","","https://betalist.com","","2026-09-28T12:15:57.620Z","","2026-09-28T12:40:38.869Z"
"https://verva.com/","contact@verva.com","Beta list","Verva","AI startup","I saw Verva in the Beta list lead list and wanted to congratulate you on the visibility there. AIBeat could help turn that launch attention into a more durable discovery path through a searchable listing, newsletter mention, article, or Spotlight feature.","","https://betalist.com","","2026-09-28T12:15:57.620Z","","2026-09-28T12:40:38.869Z"
"https://aiagentslisting.com/","hello@aiagentslisting.com","Beta list","Aiagentslisting","AI startup","I saw Aiagentslisting in the Beta list lead list and wanted to congratulate you on the visibility there. AIBeat could help turn that launch attention into a more durable discovery path through a searchable listing, newsletter mention, article, or Spotlight feature.","","https://betalist.com","","2026-09-28T12:15:57.620Z","","2026-09-28T12:40:38.869Z"
"https://thesaved.app/","admin@thesaved.app","Beta list","Thesaved","AI startup","I saw Thesaved in the Beta list lead list and wanted to congratulate you on the visibility there. AIBeat could help turn that launch attention into a more durable discovery path through a searchable listing, newsletter mention, article, or Spotlight feature.","","https://betalist.com","","2026-09-28T12:15:57.620Z","","2026-09-28T12:40:38.869Z"
"https://releaserocket.io/","support@releaserocket.io","Beta list","Releaserocket","AI startup","I saw Releaserocket in the Beta list lead list and wanted to congratulate you on the visibility there. AIBeat could help turn that launch attention into a more durable discovery path through a searchable listing, newsletter mention, article, or Spotlight feature.","","https://betalist.com","","2026-09-28T12:15:57.620Z","","2026-09-28T12:40:38.869Z"
"https://sparrowcrm.com/","support@sparrowcrm.com","Beta list","Sparrowcrm","AI startup","I saw Sparrowcrm in the Beta list lead list and wanted to congratulate you on the visibility there. AIBeat could help turn that launch attention into a more durable discovery path through a searchable listing, newsletter mention, article, or Spotlight feature.","","https://betalist.com","","2026-09-28T12:15:57.620Z","","2026-09-28T12:40:38.869Z"
"https://askcontinua.com/","support@askcontinua.com","Beta list","Askcontinua","AI startup","I saw Askcontinua in the Beta list lead list and wanted to congratulate you on the visibility there. AIBeat could help turn that launch attention into a more durable discovery path through a searchable listing, newsletter mention, article, or Spotlight feature.","","https://betalist.com","","2026-09-28T12:15:57.620Z","","2026-09-28T12:40:38.869Z"
"https://dailydle.org/","hello@dailydle.org","Beta list","Dailydle","AI startup","I saw Dailydle in the Beta list lead list and wanted to congratulate you on the visibility there. AIBeat could help turn that launch attention into a more durable discovery path through a searchable listing, newsletter mention, article, or Spotlight feature.","","https://betalist.com","","2026-09-28T12:15:57.620Z","","2026-09-28T12:40:38.869Z"
"https://matris.ai/","support@matris.ai","Beta list","Matris","AI startup","I saw Matris in the Beta list lead list and wanted to congratulate you on the visibility there. AIBeat could help turn that launch attention into a more durable discovery path through a searchable listing, newsletter mention, article, or Spotlight feature.","","https://betalist.com","","2026-09-28T12:15:57.620Z","","2026-09-28T12:40:38.869Z"
"https://signld.ai/","support@inzata.com","Beta list","Signld","AI startup","I saw Signld in the Beta list lead list and wanted to congratulate you on the visibility there. AIBeat could help turn that launch attention into a more durable discovery path through a searchable listing, newsletter mention, article, or Spotlight feature.","","https://betalist.com","","2026-09-28T12:15:57.620Z","","2026-09-28T12:40:38.869Z"
"https://tregovia.com/","support@tregovia.com","Beta list","Tregovia","AI startup","I saw Tregovia in the Beta list lead list and wanted to congratulate you on the visibility there. AIBeat could help turn that launch attention into a more durable discovery path through a searchable listing, newsletter mention, article, or Spotlight feature.","","https://betalist.com","","2026-09-28T12:15:57.620Z","","2026-09-28T12:40:38.869Z"
"https://frigade.com/","support@frigade.com","Product hunt","Frigade","AI startup","I saw Frigade in the Product hunt lead list and wanted to congratulate you on the visibility there. AIBeat could help turn that launch attention into a more durable discovery path through a searchable listing, newsletter mention, article, or Spotlight feature.","","https://www.producthunt.com","","2026-09-28T12:15:57.620Z","","2026-09-28T12:40:38.869Z"
"https://ass.auction/","m@ass.auction","Product hunt","Ass","AI startup","I saw Ass in the Product hunt lead list and wanted to congratulate you on the visibility there. AIBeat could help turn that launch attention into a more durable discovery path through a searchable listing, newsletter mention, article, or Spotlight feature.","","https://www.producthunt.com","","2026-09-28T12:15:57.620Z","","2026-09-28T12:40:38.869Z"
"https://archoneai.com/","support@archoneai.com","Beta list","Archoneai","AI startup","I saw Archoneai in the Beta list lead list and wanted to congratulate you on the visibility there. AIBeat could help turn that launch attention into a more durable discovery path through a searchable listing, newsletter mention, article, or Spotlight feature.","","https://betalist.com","","2026-09-28T12:15:57.620Z","","2026-09-28T12:40:38.869Z"
"https://lawh.ai/","hello@lawh.ai","Beta list","Lawh","AI startup","I saw Lawh in the Beta list lead list and wanted to congratulate you on the visibility there. AIBeat could help turn that launch attention into a more durable discovery path through a searchable listing, newsletter mention, article, or Spotlight feature.","","https://betalist.com","","2026-09-28T12:15:57.620Z","","2026-09-28T12:40:38.869Z"
"https://mybestresume.ai/","yoosenjet@luxenastudio.com","Beta list","Mybestresume","AI startup","I saw Mybestresume in the Beta list lead list and wanted to congratulate you on the visibility there. AIBeat could help turn that launch attention into a more durable discovery path through a searchable listing, newsletter mention, article, or Spotlight feature.","","https://betalist.com","","2026-09-28T12:15:57.620Z","","2026-09-28T12:40:38.869Z"
"https://peeta.ai/","hello@peeta.ai","Beta list","Peeta","AI startup","I saw Peeta in the Beta list lead list and wanted to congratulate you on the visibility there. AIBeat could help turn that launch attention into a more durable discovery path through a searchable listing, newsletter mention, article, or Spotlight feature.","","https://betalist.com","","2026-09-28T12:15:57.620Z","","2026-09-28T12:40:38.869Z"
"https://prinn.ai/","support@prinn.ai","Beta list","Prinn","AI startup","I saw Prinn in the Beta list lead list and wanted to congratulate you on the visibility there. AIBeat could help turn that launch attention into a more durable discovery path through a searchable listing, newsletter mention, article, or Spotlight feature.","","https://betalist.com","","2026-09-28T12:15:57.620Z","","2026-09-28T12:40:38.869Z"
"https://murmur.news/","support@murmur.news","Beta list","Murmur","AI startup","I saw Murmur in the Beta list lead list and wanted to congratulate you on the visibility there. AIBeat could help turn that launch attention into a more durable discovery path through a searchable listing, newsletter mention, article, or Spotlight feature.","","https://betalist.com","","2026-09-28T12:15:57.620Z","","2026-09-28T12:40:38.869Z"
"https://spek.app/","hello@spek.app","Beta list","Spek","AI startup","I saw Spek in the Beta list lead list and wanted to congratulate you on the visibility there. AIBeat could help turn that launch attention into a more durable discovery path through a searchable listing, newsletter mention, article, or Spotlight feature.","","https://betalist.com","","2026-09-28T12:15:57.620Z","","2026-09-28T12:40:38.869Z"
"https://modeinspect.com/","team@modeinspect.com","Beta list","Modeinspect","AI startup","I saw Modeinspect in the Beta list lead list and wanted to congratulate you on the visibility there. AIBeat could help turn that launch attention into a more durable discovery path through a searchable listing, newsletter mention, article, or Spotlight feature.","","https://betalist.com","","2026-09-28T12:15:57.620Z","","2026-09-28T12:40:38.869Z"
"https://leavevia.com/","hello@aegeanastraea.com","Beta list","Leavevia","AI startup","I saw Leavevia in the Beta list lead list and wanted to congratulate you on the visibility there. AIBeat could help turn that launch attention into a more durable discovery path through a searchable listing, newsletter mention, article, or Spotlight feature.","","https://betalist.com","","2026-09-28T12:15:57.620Z","","2026-09-28T12:40:38.869Z"
"https://openfate.ai/","hi@openfate.ai","Beta list","Openfate","AI startup","I saw Openfate in the Beta list lead list and wanted to congratulate you on the visibility there. AIBeat could help turn that launch attention into a more durable discovery path through a searchable listing, newsletter mention, article, or Spotlight feature.","","https://betalist.com","","2026-09-28T12:15:57.620Z","","2026-09-28T12:40:38.869Z"
"https://wywo.ai/","hi@wywo.ai","Beta list","Wywo","AI startup","I saw Wywo in the Beta list lead list and wanted to congratulate you on the visibility there. AIBeat could help turn that launch attention into a more durable discovery path through a searchable listing, newsletter mention, article, or Spotlight feature.","","https://betalist.com","","2026-09-28T12:15:57.620Z","","2026-09-28T12:40:38.869Z"
"https://submitrank.com/","support@submitrank.com","Beta list","Submitrank","AI startup","I saw Submitrank in the Beta list lead list and wanted to congratulate you on the visibility there. AIBeat could help turn that launch attention into a more durable discovery path through a searchable listing, newsletter mention, article, or Spotlight feature.","","https://betalist.com","","2026-09-28T12:15:57.620Z","","2026-09-28T12:40:38.869Z"
"https://findrightplugin.com/","support@findrightplugin.com","Beta list","Findrightplugin","AI startup","I saw Findrightplugin in the Beta list lead list and wanted to congratulate you on the visibility there. AIBeat could help turn that launch attention into a more durable discovery path through a searchable listing, newsletter mention, article, or Spotlight feature.","","https://betalist.com","","2026-09-28T12:15:57.620Z","","2026-09-28T12:40:38.869Z"
"https://chathop.tech/","support@chathop.tech","Product hunt","Chathop","AI startup","I saw Chathop in the Product hunt lead list and wanted to congratulate you on the visibility there. AIBeat could help turn that launch attention into a more durable discovery path through a searchable listing, newsletter mention, article, or Spotlight feature.","","https://www.producthunt.com","","2026-09-28T12:15:57.620Z","","2026-09-28T12:40:38.869Z"
"https://chatrecall.dev/","contact@chatrecall.dev","Product hunt","Chatrecall","AI startup","I saw Chatrecall in the Product hunt lead list and wanted to congratulate you on the visibility there. AIBeat could help turn that launch attention into a more durable discovery path through a searchable listing, newsletter mention, article, or Spotlight feature.","","https://www.producthunt.com","","2026-09-28T12:15:57.620Z","","2026-09-28T12:40:38.869Z"
"https://sizeless.co/","info@sizeless.co","Product hunt","Sizeless","AI startup","I saw Sizeless in the Product hunt lead list and wanted to congratulate you on the visibility there. AIBeat could help turn that launch attention into a more durable discovery path through a searchable listing, newsletter mention, article, or Spotlight feature.","","https://www.producthunt.com","","2026-09-28T12:15:57.620Z","","2026-09-28T12:40:38.869Z"
"https://formesign.com/","support@formesign.com","Product hunt","Formesign","AI startup","I saw Formesign in the Product hunt lead list and wanted to congratulate you on the visibility there. AIBeat could help turn that launch attention into a more durable discovery path through a searchable listing, newsletter mention, article, or Spotlight feature.","","https://www.producthunt.com","","2026-09-28T12:15:57.620Z","","2026-09-28T12:40:38.869Z"
"https://glyph.kateander.com/","glyph@kateander.com","Product hunt","Glyph","AI startup","I saw Glyph in the Product hunt lead list and wanted to congratulate you on the visibility there. AIBeat could help turn that launch attention into a more durable discovery path through a searchable listing, newsletter mention, article, or Spotlight feature.","","https://www.producthunt.com","","2026-09-28T12:15:57.620Z","","2026-09-28T12:40:38.869Z"
"https://digiwarranty.net/","support@gsoft.hr","Beta list","Digiwarranty","AI startup","I saw Digiwarranty in the Beta list lead list and wanted to congratulate you on the visibility there. AIBeat could help turn that launch attention into a more durable discovery path through a searchable listing, newsletter mention, article, or Spotlight feature.","","https://betalist.com","","2026-09-28T12:15:57.620Z","","2026-09-28T12:40:38.869Z"
"https://himaxym.com/","support@himaxym.com","Beta list","Himaxym","AI startup","I saw Himaxym in the Beta list lead list and wanted to congratulate you on the visibility there. AIBeat could help turn that launch attention into a more durable discovery path through a searchable listing, newsletter mention, article, or Spotlight feature.","","https://betalist.com","","2026-09-28T12:15:57.620Z","","2026-09-28T12:40:38.869Z"
"https://amazvid.com/","partner@amazvid.com","Beta list","Amazvid","AI startup","I saw Amazvid in the Beta list lead list and wanted to congratulate you on the visibility there. AIBeat could help turn that launch attention into a more durable discovery path through a searchable listing, newsletter mention, article, or Spotlight feature.","","https://betalist.com","","2026-09-28T12:15:57.620Z","","2026-09-28T12:40:38.869Z"
"https://talmaara.com/","support@talmaara.com","Beta list","Talmaara","AI startup","I saw Talmaara in the Beta list lead list and wanted to congratulate you on the visibility there. AIBeat could help turn that launch attention into a more durable discovery path through a searchable listing, newsletter mention, article, or Spotlight feature.","","https://betalist.com","","2026-09-28T12:15:57.620Z","","2026-09-28T12:40:38.869Z"
"https://cheapfax.app/","support@cheapfax.app","Beta list","Cheapfax","AI startup","I saw Cheapfax in the Beta list lead list and wanted to congratulate you on the visibility there. AIBeat could help turn that launch attention into a more durable discovery path through a searchable listing, newsletter mention, article, or Spotlight feature.","","https://betalist.com","","2026-09-28T12:15:57.620Z","","2026-09-28T12:40:38.869Z"
"https://dockfix.app/","mail@dockfix.app","Product hunt","Dockfix","AI startup","I saw Dockfix in the Product hunt lead list and wanted to congratulate you on the visibility there. AIBeat could help turn that launch attention into a more durable discovery path through a searchable listing, newsletter mention, article, or Spotlight feature.","","https://www.producthunt.com","","2026-09-28T12:15:57.620Z","","2026-09-28T12:40:38.869Z"
"https://framesketch.xyz/","info@framesketch.xyz","Product hunt","Framesketch","AI startup","I saw Framesketch in the Product hunt lead list and wanted to congratulate you on the visibility there. AIBeat could help turn that launch attention into a more durable discovery path through a searchable listing, newsletter mention, article, or Spotlight feature.","","https://www.producthunt.com","","2026-09-28T12:15:57.620Z","","2026-09-28T12:40:38.869Z"
"https://abrush.ai/","sales@abrush.ai","Product hunt","Abrush","AI startup","I saw Abrush in the Product hunt lead list and wanted to congratulate you on the visibility there. AIBeat could help turn that launch attention into a more durable discovery path through a searchable listing, newsletter mention, article, or Spotlight feature.","","https://www.producthunt.com","","2026-09-28T12:15:57.620Z","","2026-09-28T12:40:38.869Z"
"https://adoptionlayer.com/","contact@balthazar.consulting","Beta list","Adoptionlayer","AI startup","I saw Adoptionlayer in the Beta list lead list and wanted to congratulate you on the visibility there. AIBeat could help turn that launch attention into a more durable discovery path through a searchable listing, newsletter mention, article, or Spotlight feature.","","https://betalist.com","","2026-09-28T12:15:57.620Z","","2026-09-28T12:40:38.869Z"
"https://structurawp.com/","contact@structurawp.com","Beta list","Structurawp","AI startup","I saw Structurawp in the Beta list lead list and wanted to congratulate you on the visibility there. AIBeat could help turn that launch attention into a more durable discovery path through a searchable listing, newsletter mention, article, or Spotlight feature.","","https://betalist.com","","2026-09-28T12:15:57.620Z","","2026-09-28T12:40:38.869Z"
"https://indices.io/","support@indices.io","Beta list","Indices","AI startup","I saw Indices in the Beta list lead list and wanted to congratulate you on the visibility there. AIBeat could help turn that launch attention into a more durable discovery path through a searchable listing, newsletter mention, article, or Spotlight feature.","","https://betalist.com","","2026-09-28T12:15:57.620Z","","2026-09-28T12:40:38.869Z"
"https://orelon.ai/","support@orelon.ai","Beta list","Orelon","AI startup","I saw Orelon in the Beta list lead list and wanted to congratulate you on the visibility there. AIBeat could help turn that launch attention into a more durable discovery path through a searchable listing, newsletter mention, article, or Spotlight feature.","","https://betalist.com","","2026-09-28T12:15:57.620Z","","2026-09-28T12:40:38.869Z"
"https://obricrm.com/","support@obricrm.com","Beta list","Obricrm","AI startup","I saw Obricrm in the Beta list lead list and wanted to congratulate you on the visibility there. AIBeat could help turn that launch attention into a more durable discovery path through a searchable listing, newsletter mention, article, or Spotlight feature.","","https://betalist.com","","2026-09-28T12:15:57.620Z","","2026-09-28T12:40:38.869Z"
"https://usemindvault.com/","hello@mail.usemindvault.com","Beta list","Usemindvault","AI startup","I saw Usemindvault in the Beta list lead list and wanted to congratulate you on the visibility there. AIBeat could help turn that launch attention into a more durable discovery path through a searchable listing, newsletter mention, article, or Spotlight feature.","","https://betalist.com","","2026-09-28T12:15:57.620Z","","2026-09-28T12:40:38.869Z"
"https://workshopr.io/","hello@workshopr.io","Beta list","Workshopr","AI startup","I saw Workshopr in the Beta list lead list and wanted to congratulate you on the visibility there. AIBeat could help turn that launch attention into a more durable discovery path through a searchable listing, newsletter mention, article, or Spotlight feature.","","https://betalist.com","","2026-09-28T12:15:57.620Z","","2026-09-28T12:40:38.869Z"
"https://callpal.co/","support@callpal.co","Beta list","Callpal","AI startup","I saw Callpal in the Beta list lead list and wanted to congratulate you on the visibility there. AIBeat could help turn that launch attention into a more durable discovery path through a searchable listing, newsletter mention, article, or Spotlight feature.","","https://betalist.com","","2026-09-28T12:15:57.620Z","","2026-09-28T12:40:38.869Z"
"https://www.musicamania.com.br/","support@musicamania.com.br","Beta list","Musicamania","AI startup","I saw Musicamania in the Beta list lead list and wanted to congratulate you on the visibility there. AIBeat could help turn that launch attention into a more durable discovery path through a searchable listing, newsletter mention, article, or Spotlight feature.","","https://betalist.com","","2026-09-28T12:15:57.620Z","","2026-09-28T12:40:38.869Z"
"https://myzulo.app/","hello@myzulo.app","Beta list","Myzulo","AI startup","I saw Myzulo in the Beta list lead list and wanted to congratulate you on the visibility there. AIBeat could help turn that launch attention into a more durable discovery path through a searchable listing, newsletter mention, article, or Spotlight feature.","","https://betalist.com","","2026-09-28T12:15:57.620Z","","2026-09-28T12:40:38.869Z"
"https://baseprice.io/","hello@baseprice.io","Beta list","Baseprice","AI startup","I saw Baseprice in the Beta list lead list and wanted to congratulate you on the visibility there. AIBeat could help turn that launch attention into a more durable discovery path through a searchable listing, newsletter mention, article, or Spotlight feature.","","https://betalist.com","","2026-09-28T12:15:57.620Z","","2026-09-28T12:40:38.869Z"
"https://presango.com/","hello@swarmcounsel.com","Beta list","Presango","AI startup","I saw Presango in the Beta list lead list and wanted to congratulate you on the visibility there. AIBeat could help turn that launch attention into a more durable discovery path through a searchable listing, newsletter mention, article, or Spotlight feature.","","https://betalist.com","","2026-09-28T12:15:57.620Z","","2026-09-28T12:40:38.869Z"
"https://twinlylab.com/","aleks@servada.io","Beta list","Twinlylab","AI startup","I saw Twinlylab in the Beta list lead list and wanted to congratulate you on the visibility there. AIBeat could help turn that launch attention into a more durable discovery path through a searchable listing, newsletter mention, article, or Spotlight feature.","","https://betalist.com","","2026-09-28T12:15:57.620Z","","2026-09-28T12:40:38.869Z"
"https://thoughtlogger.com/","graindorgeanthony@gmail.com","Beta list","Thoughtlogger","AI startup","I saw Thoughtlogger in the Beta list lead list and wanted to congratulate you on the visibility there. AIBeat could help turn that launch attention into a more durable discovery path through a searchable listing, newsletter mention, article, or Spotlight feature.","","https://betalist.com","","2026-09-28T12:15:57.620Z","","2026-09-28T12:40:38.869Z"
"https://safehabits.eu/","hello@safehabits.eu","Beta list","Safehabits","AI startup","I saw Safehabits in the Beta list lead list and wanted to congratulate you on the visibility there. AIBeat could help turn that launch attention into a more durable discovery path through a searchable listing, newsletter mention, article, or Spotlight feature.","","https://betalist.com","","2026-09-28T12:15:57.620Z","","2026-09-28T12:40:38.869Z"
"https://botanapp.com/","info@botanapp.com","Beta list","Botanapp","AI startup","I saw Botanapp in the Beta list lead list and wanted to congratulate you on the visibility there. AIBeat could help turn that launch attention into a more durable discovery path through a searchable listing, newsletter mention, article, or Spotlight feature.","","https://betalist.com","","2026-09-28T12:15:57.620Z","","2026-09-28T12:40:38.869Z"
"https://pitchmonster.io/","oleg@gradual.io","Beta list","Pitchmonster","AI startup","I saw Pitchmonster in the Beta list lead list and wanted to congratulate you on the visibility there. AIBeat could help turn that launch attention into a more durable discovery path through a searchable listing, newsletter mention, article, or Spotlight feature.","","https://betalist.com","","2026-09-28T12:15:57.620Z","","2026-09-28T12:40:38.869Z"
"https://sparkvid.ai/","support@sparkvid.ai","Beta list","Sparkvid","AI startup","I saw Sparkvid in the Beta list lead list and wanted to congratulate you on the visibility there. AIBeat could help turn that launch attention into a more durable discovery path through a searchable listing, newsletter mention, article, or Spotlight feature.","","https://betalist.com","","2026-09-28T12:15:57.620Z","","2026-09-28T12:40:38.869Z"
"https://getuhired.co/","hello@getuhired.co","Beta list","Getuhired","AI startup","I saw Getuhired in the Beta list lead list and wanted to congratulate you on the visibility there. AIBeat could help turn that launch attention into a more durable discovery path through a searchable listing, newsletter mention, article, or Spotlight feature.","","https://betalist.com","","2026-09-28T12:15:57.620Z","","2026-09-28T12:40:38.869Z"
"https://orislist.com/","support@orislist.com","Beta list","Orislist","AI startup","I saw Orislist in the Beta list lead list and wanted to congratulate you on the visibility there. AIBeat could help turn that launch attention into a more durable discovery path through a searchable listing, newsletter mention, article, or Spotlight feature.","","https://betalist.com","","2026-09-28T21:36:59.912Z","","2026-09-28T21:37:57.421Z"
"https://marqly.com/","support@marqly.com","Product hunt","Marqly","AI startup","I saw Marqly in the Product hunt lead list and wanted to congratulate you on the visibility there. AIBeat could help turn that launch attention into a more durable discovery path through a searchable listing, newsletter mention, article, or Spotlight feature.","","https://www.producthunt.com","","2026-09-28T21:36:59.912Z","","2026-09-28T21:37:57.421Z"
"https://imagetoascii.art/","hello@imagetoascii.art","Product hunt","Imagetoascii","AI startup","I saw Imagetoascii in the Product hunt lead list and wanted to congratulate you on the visibility there. AIBeat could help turn that launch attention into a more durable discovery path through a searchable listing, newsletter mention, article, or Spotlight feature.","","https://www.producthunt.com","","2026-09-28T21:36:59.912Z","","2026-09-28T21:37:57.421Z"
"https://aside.com/","support@aside.com","Product hunt","Aside","AI startup","I saw Aside in the Product hunt lead list and wanted to congratulate you on the visibility there. AIBeat could help turn that launch attention into a more durable discovery path through a searchable listing, newsletter mention, article, or Spotlight feature.","","https://www.producthunt.com","","2026-09-28T21:36:59.912Z","","2026-09-28T21:37:57.421Z"
"https://appdesigns.click/","haider.builds@icloud.com","Product hunt","Appdesigns","AI startup","I saw Appdesigns in the Product hunt lead list and wanted to congratulate you on the visibility there. AIBeat could help turn that launch attention into a more durable discovery path through a searchable listing, newsletter mention, article, or Spotlight feature.","","https://www.producthunt.com","","2026-09-28T21:36:59.912Z","","2026-09-28T21:37:57.421Z"
"https://wiggwigg.ca/","support@wiggwigg.ca","Beta list","Wiggwigg","AI startup","I saw Wiggwigg in the Beta list lead list and wanted to congratulate you on the visibility there. AIBeat could help turn that launch attention into a more durable discovery path through a searchable listing, newsletter mention, article, or Spotlight feature.","","https://betalist.com","","2026-09-28T21:36:59.912Z","","2026-09-28T21:37:57.421Z"
"https://grndwrks.net/","admin@grndwrks.net","Beta list","Grndwrks","AI startup","I saw Grndwrks in the Beta list lead list and wanted to congratulate you on the visibility there. AIBeat could help turn that launch attention into a more durable discovery path through a searchable listing, newsletter mention, article, or Spotlight feature.","","https://betalist.com","","2026-09-28T21:36:59.912Z","","2026-09-28T21:37:57.421Z"
"https://voixcall.com/","support@voixcall.com","Beta list","Voixcall","AI startup","I saw Voixcall in the Beta list lead list and wanted to congratulate you on the visibility there. AIBeat could help turn that launch attention into a more durable discovery path through a searchable listing, newsletter mention, article, or Spotlight feature.","","https://betalist.com","","2026-09-28T21:36:59.912Z","","2026-09-28T21:37:57.421Z"
"https://commitfit.ai/","support@commitfit.ai","Beta list","Commitfit","AI startup","I saw Commitfit in the Beta list lead list and wanted to congratulate you on the visibility there. AIBeat could help turn that launch attention into a more durable discovery path through a searchable listing, newsletter mention, article, or Spotlight feature.","","https://betalist.com","","2026-09-28T21:36:59.912Z","","2026-09-28T21:37:57.421Z"
"https://getplus.ai/","support@getplus.ai","Beta list","Getplus","AI startup","I saw Getplus in the Beta list lead list and wanted to congratulate you on the visibility there. AIBeat could help turn that launch attention into a more durable discovery path through a searchable listing, newsletter mention, article, or Spotlight feature.","","https://betalist.com","","2026-09-28T21:36:59.912Z","","2026-09-28T21:37:57.421Z"
"https://acme.bot/","human@acme.bot","Beta list","Acme","AI startup","I saw Acme in the Beta list lead list and wanted to congratulate you on the visibility there. AIBeat could help turn that launch attention into a more durable discovery path through a searchable listing, newsletter mention, article, or Spotlight feature.","","https://betalist.com","","2026-09-28T21:36:59.912Z","","2026-09-28T21:37:57.421Z"
"https://statecraftapp.com/","dominic@statecraftapp.com","Beta list","Statecraftapp","AI startup","I saw Statecraftapp in the Beta list lead list and wanted to congratulate you on the visibility there. AIBeat could help turn that launch attention into a more durable discovery path through a searchable listing, newsletter mention, article, or Spotlight feature.","","https://betalist.com","","2026-09-28T21:36:59.912Z","","2026-09-28T21:37:57.421Z"
"https://robotomail.com/","support@robotomail.com","Beta list","Robotomail","AI startup","I saw Robotomail in the Beta list lead list and wanted to congratulate you on the visibility there. AIBeat could help turn that launch attention into a more durable discovery path through a searchable listing, newsletter mention, article, or Spotlight feature.","","https://betalist.com","","2026-09-28T21:36:59.912Z","","2026-09-28T21:37:57.421Z"
"https://heightai.app/","heightaiapp@gmail.com","Beta list","Heightai","AI startup","I saw Heightai in the Beta list lead list and wanted to congratulate you on the visibility there. AIBeat could help turn that launch attention into a more durable discovery path through a searchable listing, newsletter mention, article, or Spotlight feature.","","https://betalist.com","","2026-09-28T21:36:59.912Z","","2026-09-28T21:37:57.421Z"
"https://trabe.ai/","info@trabe.ai","Beta list","Trabe","AI startup","I saw Trabe in the Beta list lead list and wanted to congratulate you on the visibility there. AIBeat could help turn that launch attention into a more durable discovery path through a searchable listing, newsletter mention, article, or Spotlight feature.","","https://betalist.com","","2026-09-28T21:36:59.912Z","","2026-09-28T21:37:57.421Z"
"https://showcasevideos.ai/","info@showcasevideos.ai","Beta list","Showcasevideos","AI startup","I saw Showcasevideos in the Beta list lead list and wanted to congratulate you on the visibility there. AIBeat could help turn that launch attention into a more durable discovery path through a searchable listing, newsletter mention, article, or Spotlight feature.","","https://betalist.com","","2026-09-28T21:36:59.912Z","","2026-09-28T21:37:57.421Z"
"https://contextbolt.com/","hello@contextbolt.com","Beta list","Contextbolt","AI startup","I saw Contextbolt in the Beta list lead list and wanted to congratulate you on the visibility there. AIBeat could help turn that launch attention into a more durable discovery path through a searchable listing, newsletter mention, article, or Spotlight feature.","","https://betalist.com","","2026-09-28T21:36:59.912Z","","2026-09-28T21:37:57.421Z"
"https://nanopage.site/","hello@nanopage.site","Beta list","Nanopage","AI startup","I saw Nanopage in the Beta list lead list and wanted to congratulate you on the visibility there. AIBeat could help turn that launch attention into a more durable discovery path through a searchable listing, newsletter mention, article, or Spotlight feature.","","https://betalist.com","","2026-09-28T21:36:59.912Z","","2026-09-28T21:37:57.421Z"
"https://nutrifit.health/","office@nutrifit.company","Beta list","Nutrifit","AI startup","I saw Nutrifit in the Beta list lead list and wanted to congratulate you on the visibility there. AIBeat could help turn that launch attention into a more durable discovery path through a searchable listing, newsletter mention, article, or Spotlight feature.","","https://betalist.com","","2026-09-28T21:36:59.912Z","","2026-09-28T21:37:57.421Z"
"https://revinho.com/","hello@revinho.com","Beta list","Revinho","AI startup","I saw Revinho in the Beta list lead list and wanted to congratulate you on the visibility there. AIBeat could help turn that launch attention into a more durable discovery path through a searchable listing, newsletter mention, article, or Spotlight feature.","","https://betalist.com","","2026-09-28T21:36:59.912Z","","2026-09-28T21:37:57.421Z"
"https://www.incredible.one/?ref=betalist","fredric@incredible.one","BetaList daily discovery","Incredible","AI tools","Congrats on the recent Incredible launch. The positioning around Control your computer with voice stood out as relevant for AIBeat readers.","","https://www.incredible.one/contact","2026-10-05T10:54:42.437Z","2026-10-05T10:54:42.437Z","daily_2026-10-05_1791197682437_37299508609","2026-10-05T11:38:49.376Z"
"https://studybuddies.live/?ref=betalist","info@studybuddies.live","BetaList daily discovery","StudyBuddies","AI tools","Congrats on the recent StudyBuddies launch. The positioning around Study together in virtual rooms with timers, goals, and accountability stood out as relevant for AIBeat readers.","","https://studybuddies.live/?ref=betalist","2026-10-05T10:54:42.437Z","2026-10-05T10:54:42.437Z","daily_2026-10-05_1791197682437_37299508609","2026-10-05T11:38:49.376Z"
"https://www.cartico.com/?ref=betalist","cartico@cartico.com","BetaList daily discovery","Cartico","AI tools","Congrats on the recent Cartico launch. The positioning around Launch an online store, accept global payments, and scale fast stood out as relevant for AIBeat readers.","","https://www.cartico.com/?ref=betalist","2026-10-05T10:54:42.437Z","2026-10-05T10:54:42.437Z","daily_2026-10-05_1791197682437_37299508609","2026-10-05T11:38:49.376Z"
"https://www.ardainc.com/?ref=betalist","hello@ardainc.com","BetaList daily discovery","Arda","AI tools","Congrats on the recent Arda launch. The positioning around Automate SEO and AI search to acquire more qualified customers stood out as relevant for AIBeat readers.","","https://www.ardainc.com/?ref=betalist","2026-10-05T10:54:42.437Z","2026-10-05T10:54:42.437Z","daily_2026-10-05_1791197682437_37299508609","2026-10-05T11:38:49.376Z"
"https://easyin.io/?ref=betalist","hi@mail.easyin.io","BetaList daily discovery","EasyIn","AI tools","Congrats on the recent EasyIn launch. The positioning around A LinkedIn CRM built for sales, recruiting, and more stood out as relevant for AIBeat readers.","","https://easyin.io/?ref=betalist","2026-10-05T10:54:42.437Z","2026-10-05T10:54:42.437Z","daily_2026-10-05_1791197682437_37299508609","2026-10-05T11:38:49.376Z"
"https://vastqr.com/?ref=betalist","hello@vastqr.com","BetaList daily discovery","VastQR","AI tools","Congrats on the recent VastQR launch. The positioning around CSV to hundreds of editable, trackable QR codes stood out as relevant for AIBeat readers.","","https://vastqr.com/?ref=betalist","2026-10-05T10:54:42.437Z","2026-10-05T10:54:42.437Z","daily_2026-10-05_1791197682437_37299508609","2026-10-05T11:38:49.376Z"
"https://domaxus.com/?ref=betalist","info@domaxus.com","BetaList daily discovery","Domaxus","AI tools","Congrats on the recent Domaxus launch. The positioning around Understand your home's value, repairs, proceeds, and selling options stood out as relevant for AIBeat readers.","","https://domaxus.com/terms","2026-10-05T10:54:42.437Z","2026-10-05T10:54:42.437Z","daily_2026-10-05_1791197682437_37299508609","2026-10-05T11:38:49.376Z"
"https://jointradel.com/?ref=betalist","contact@jointradel.com","BetaList daily discovery","TRADEL","AI tools","Congrats on the recent TRADEL launch. The positioning around Find what you need and pass on what you don’t while traveling stood out as relevant for AIBeat readers.","","https://jointradel.com/?ref=betalist","2026-10-04T10:15:18.880Z","2026-10-04T10:15:18.880Z","daily_2026-10-04_1791108918880_37194744670","2026-10-05T11:38:49.376Z"
"https://www.emotionalcomputing.co.uk/?ref=betalist","hello@emotionalcomputing.co.uk","BetaList daily discovery","Morgan","AI tools","Congrats on the recent Morgan launch. The positioning around Personal AI that asks before acting on your computer and phone stood out as relevant for AIBeat readers.","","https://www.emotionalcomputing.co.uk/?ref=betalist","2026-10-04T10:15:18.880Z","2026-10-04T10:15:18.880Z","daily_2026-10-04_1791108918880_37194744670","2026-10-05T11:38:49.376Z"
"https://www.subscope.ai/?ref=betalist","info@subscope.ai","BetaList daily discovery","Subscope","AI tools","Congrats on the recent Subscope launch. The positioning around Manage all your software subscriptions and usage easily stood out as relevant for AIBeat readers.","","https://www.subscope.ai/contact/contact-us","2026-10-04T10:15:18.880Z","2026-10-04T10:15:18.880Z","daily_2026-10-04_1791108918880_37194744670","2026-10-05T11:38:49.376Z"
"https://empikalyze.in/?ref=betalist","support@empikalyze.in","BetaList daily discovery","Empikalyze","AI tools","Congrats on the recent Empikalyze launch. The positioning around Screen and rank resumes fast with AI semantic matching stood out as relevant for AIBeat readers.","","https://empikalyze.in/?ref=betalist","2026-10-04T10:15:18.880Z","2026-10-04T10:15:18.880Z","daily_2026-10-04_1791108918880_37194744670","2026-10-05T11:38:49.376Z"
"https://aiveed.io/?ref=betalist","support@aiveed.io","BetaList daily discovery","AIVEED.IO","AI tools","Congrats on the recent AIVEED.IO launch. The positioning around Turn ideas into professional AI videos in minutes with pay-per-use stood out as relevant for AIBeat readers.","","https://aiveed.io/contact","2026-10-03T09:28:32.319Z","2026-10-03T09:28:32.319Z","daily_2026-10-03_1791019712319_37113133205","2026-10-05T11:38:49.376Z"
"https://www.edgedojo.com/?ref=betalist","brody@edgedojo.com","BetaList daily discovery","EdgeDojo","AI tools","Congrats on the recent EdgeDojo launch. The positioning around Import trades, analyze performance, and hone your trading edge stood out as relevant for AIBeat readers.","","https://www.edgedojo.com/contact","2026-10-03T09:28:32.319Z","2026-10-03T09:28:32.319Z","daily_2026-10-03_1791019712319_37113133205","2026-10-05T11:38:49.376Z"
"https://leveld.ai/?ref=betalist","get@leveld.ai","BetaList daily discovery","Leveld","AI tools","Congrats on the recent Leveld launch. The positioning around Turn scattered project signals into cited, reviewable next moves stood out as relevant for AIBeat readers.","","https://leveld.ai/legal/terms","2026-10-03T09:28:32.319Z","2026-10-03T09:28:32.319Z","daily_2026-10-03_1791019712319_37113133205","2026-10-05T11:38:49.376Z"
"https://nemonix.app/?ref=betalist","hello@nemonix.app","BetaList daily discovery","Nemonix","AI tools","Congrats on the recent Nemonix launch. The positioning around Track bills, budgets, debt, and business expenses in one place stood out as relevant for AIBeat readers.","","https://nemonix.app/contact","2026-10-03T09:28:32.319Z","2026-10-03T09:28:32.319Z","daily_2026-10-03_1791019712319_37113133205","2026-10-05T11:38:49.376Z"
"https://www.argutix.com/?ref=betalist","founder@argutix.com","BetaList daily discovery","Pipeline SLA","AI tools","Congrats on the recent Pipeline SLA launch. The positioning around Catch stale HubSpot deals before they die stood out as relevant for AIBeat readers.","","https://www.argutix.com/?ref=betalist","2026-10-03T09:28:32.319Z","2026-10-03T09:28:32.319Z","daily_2026-10-03_1791019712319_37113133205","2026-10-05T11:38:49.376Z"
"https://commentwatchdog.com/?ref=betalist","support@commentwatchdog.com","BetaList daily discovery","CommentWatchDog","AI tools","Congrats on the recent CommentWatchDog launch. The positioning around Auto delete damaging Facebook and Instagram comments with AI stood out as relevant for AIBeat readers.","","https://commentwatchdog.com/help","2026-10-03T09:28:32.319Z","2026-10-03T09:28:32.319Z","daily_2026-10-03_1791019712319_37113133205","2026-10-05T11:38:49.376Z"
"https://demovine.com/?utm_source=betalist&utm_medium=listing&utm_campaign=directories&ref=betalist","support@demovine.com","BetaList daily discovery","DemoVine","AI tools","Congrats on the recent DemoVine launch. The positioning around Browser extension to capture, share and track interactive web app demos stood out as relevant for AIBeat readers.","","https://demovine.com/?utm_source=betalist&utm_medium=listing&utm_campaign=directories&ref=betalist","2026-10-02T10:05:42.383Z","2026-10-02T10:05:42.383Z","daily_2026-10-02_1790935542383_36993502498","2026-10-05T11:38:49.376Z"
"https://monetizationkit.com/?ref=betalist","support@monetizationkit.com","BetaList daily discovery","MonetizationKit","AI tools","Congrats on the recent MonetizationKit launch. The positioning around Check any YouTube channel’s monetization status with transparent evidence stood out as relevant for AIBeat readers.","","https://monetizationkit.com/about/","2026-10-02T10:05:42.383Z","2026-10-02T10:05:42.383Z","daily_2026-10-02_1790935542383_36993502498","2026-10-05T11:38:49.376Z"
"https://nixm.ai/?ref=betalist","info@nixm.ai","BetaList daily discovery","nixm","AI tools","Congrats on the recent nixm launch. The positioning around AI video with native sound, paid per clip, nothing stored stood out as relevant for AIBeat readers.","","https://nixm.ai/?ref=betalist","2026-10-02T10:05:42.383Z","2026-10-02T10:05:42.383Z","daily_2026-10-02_1790935542383_36993502498","2026-10-05T11:38:49.376Z"
"https://pricehash.com/?ref=betalist","support@pricehash.com","BetaList daily discovery","PriceHash","AI tools","Congrats on the recent PriceHash launch. The positioning around Get email alerts when your exact route has a good fare stood out as relevant for AIBeat readers.","","https://pricehash.com/terms","2026-10-02T10:05:42.383Z","2026-10-02T10:05:42.383Z","daily_2026-10-02_1790935542383_36993502498","2026-10-05T11:38:49.376Z"
"https://imagetoprompt.org/?ref=betalist","support@imagetoprompt.org","BetaList daily discovery","Image to Prompt","AI tools","Congrats on the recent Image to Prompt launch. The positioning around Upload an image and get a ready-to-use AI image prompt instantly stood out as relevant for AIBeat readers.","","https://imagetoprompt.org/legal/terms","2026-10-02T10:05:42.383Z","2026-10-02T10:05:42.383Z","daily_2026-10-02_1790935542383_36993502498","2026-10-05T11:38:49.376Z"
"https://tonoit.com/?ref=betalist","support@tonoit.com","BetaList daily discovery","Tono","AI tools","Congrats on the recent Tono launch. The positioning around Rewrite or reply to drafts with better tone in seconds stood out as relevant for AIBeat readers.","","https://tonoit.com/?ref=betalist","2026-10-02T10:05:42.383Z","2026-10-02T10:05:42.383Z","daily_2026-10-02_1790935542383_36993502498","2026-10-05T11:38:49.376Z"
"https://loveyournextjob.com/waitlist?src=betalist","hello@loveyournextjob.com","BetaList daily discovery","LoveYourNextJob","AI tools","Congrats on the recent LoveYourNextJob launch. The positioning around Real job roles, tailored applications, you approve and we send stood out as relevant for AIBeat readers.","","https://loveyournextjob.com/","2026-10-02T10:05:42.383Z","2026-10-02T10:05:42.383Z","daily_2026-10-02_1790935542383_36993502498","2026-10-05T11:38:49.376Z"
"https://mexty.ai/?ref=betalist","contact@mexty.ai","BetaList daily discovery","Mexty","AI tools","Congrats on the recent Mexty launch. The positioning around Create, deliver, and track interactive learning with AI stood out as relevant for AIBeat readers.","","https://mexty.ai/?ref=betalist","2026-10-01T10:30:44.593Z","2026-10-01T10:30:44.593Z","daily_2026-10-01_1790850644593_36849512100","2026-10-05T11:38:49.376Z"
"https://modaal.dev/?ref=betalist","hi@modaal.dev","BetaList daily discovery","Modaal","AI tools","Congrats on the recent Modaal launch. The positioning around Cross-platform native AI app builder for iOS and Android stood out as relevant for AIBeat readers.","","https://modaal.dev/?ref=betalist","2026-10-01T10:30:44.593Z","2026-10-01T10:30:44.593Z","daily_2026-10-01_1790850644593_36849512100","2026-10-05T11:38:49.376Z"
"https://settli.io/en?ref=betalist","hi@settli.io","BetaList daily discovery","Settli","AI tools","Congrats on the recent Settli launch. The positioning around Step-by-step relocation guides in your own language stood out as relevant for AIBeat readers.","","https://settli.io/en?ref=betalist","2026-09-30T10:02:49.604Z","2026-09-30T10:02:49.604Z","daily_2026-09-30_1790762569604_36699898211","2026-10-05T11:38:49.376Z"
"https://quaryan.com/?ref=betalist","hello@quaryan.com","BetaList daily discovery","Quaryan","AI tools","Congrats on the recent Quaryan launch. The positioning around Plan, write, and publish multi-channel marketing from one AI hub stood out as relevant for AIBeat readers.","","https://quaryan.com/?ref=betalist","2026-09-30T10:02:49.604Z","2026-09-30T10:02:49.604Z","daily_2026-09-30_1790762569604_36699898211","2026-10-05T11:38:49.376Z"
"https://www.softsync.ai/?ref=betalist","support@softsync.ai","BetaList daily discovery","SoftSync","AI tools","Congrats on the recent SoftSync launch. The positioning around Run your entire sales day with a fast, AI-powered CRM stood out as relevant for AIBeat readers.","","https://www.softsync.ai/terms","2026-09-30T10:02:49.604Z","2026-09-30T10:02:49.604Z","daily_2026-09-30_1790762569604_36699898211","2026-10-05T11:38:49.376Z"
"https://papaya.fyi/?ref=betalist","support@papaya.fyi","BetaList daily discovery","Papaya","AI tools","Congrats on the recent Papaya launch. The positioning around Monitor and auto-optimize your AI agents from trace to fix stood out as relevant for AIBeat readers.","","https://papaya.fyi/terms-of-service","2026-09-29T10:10:58.487Z","2026-09-29T10:10:58.487Z","daily_2026-09-29_1790676658487_36553889098","2026-10-05T11:38:49.376Z"
"https://budgetpixel.com/?ref=betalist","support@budgetpixel.com","BetaList daily discovery","BudgetPixel","AI tools","Congrats on the recent BudgetPixel launch. The positioning around Create images, video, and music with 100+ AI models in one place stood out as relevant for AIBeat readers.","","https://budgetpixel.com/help","2026-09-29T10:10:58.487Z","2026-09-29T10:10:58.487Z","daily_2026-09-29_1790676658487_36553889098","2026-10-05T11:38:49.376Z"
"https://droploop.app/?ref=betalist","hello@droploop.app","BetaList daily discovery","Drop Loop","AI tools","Congrats on the recent Drop Loop launch. The positioning around Run fair, verifiable product drops through one REST API stood out as relevant for AIBeat readers.","","https://droploop.app/?ref=betalist","2026-09-29T10:10:58.487Z","2026-09-29T10:10:58.487Z","daily_2026-09-29_1790676658487_36553889098","2026-10-05T11:38:49.376Z"
"https://digitalinterview.ai/?ref=betalist","info@digitalinterview.ai","BetaList daily discovery","Digital Interview AI","AI tools","Congrats on the recent Digital Interview AI launch. The positioning around Practice, analyze, and improve every interview with AI stood out as relevant for AIBeat readers.","","https://digitalinterview.ai/?ref=betalist","2026-09-29T10:10:58.487Z","2026-09-29T10:10:58.487Z","daily_2026-09-29_1790676658487_36553889098","2026-10-05T11:38:49.376Z"
"https://sekondo.app/en/?utm_source=betalist&utm_medium=listing&utm_campaign=lanzamiento&ref=betalist","hola@sekondo.app","BetaList daily discovery","Sekondo","AI tools","Congrats on the recent Sekondo launch. The positioning around Your next Adobe tool run by talking to it stood out as relevant for AIBeat readers.","","https://sekondo.app/en/contact.html","2026-09-29T10:10:58.487Z","2026-09-29T10:10:58.487Z","daily_2026-09-29_1790676658487_36553889098","2026-10-05T11:38:49.376Z"
"https://whereon.ai/?ref=betalist","hello@whereon.ai","BetaList daily discovery","Whereon","AI tools","Congrats on the recent Whereon launch. The positioning around Track and improve your local business visibility in AI answers stood out as relevant for AIBeat readers.","","https://whereon.ai/?ref=betalist","2026-09-29T10:10:58.487Z","2026-09-29T10:10:58.487Z","daily_2026-09-29_1790676658487_36553889098","2026-10-05T11:38:49.376Z"
"https://minuteoneapp.com/?ref=betalist","support@minuteoneapp.com","BetaList daily discovery","MinuteOne","AI tools","Congrats on the recent MinuteOne launch. The positioning around Strengthen affirmations with offline, one-minute mindful focus stood out as relevant for AIBeat readers.","","https://minuteoneapp.com/terms","2026-10-06T13:45:17.747Z","2026-10-06T13:45:17.747Z","daily_2026-10-06_1791294317747_37473207361","2026-10-06T13:46:12.948Z"
"https://www.playgeko.com/en/club","hello@playgeko.com","BetaList daily discovery","Playgeko","AI tools","Congrats on the recent Playgeko launch. The positioning around AI-powered software for managing sports clubs end to end stood out as relevant for AIBeat readers.","","https://www.playgeko.com/en/club","2026-10-06T10:50:30.473Z","2026-10-06T10:50:30.473Z","daily_2026-10-06_1791283830473_37452353840","2026-10-06T13:46:17.232Z"
"https://mygraph.id/?ref=betalist","support@mygraph.id","BetaList daily discovery","graph","AI tools","Congrats on the recent graph launch. The positioning around Capture real work, add proof, tailored resumes, and interview prep stood out as relevant for AIBeat readers.","","https://mygraph.id/?ref=betalist","2026-10-06T10:50:30.473Z","2026-10-06T10:50:30.473Z","daily_2026-10-06_1791283830473_37452353840","2026-10-06T13:46:22.046Z"
"https://www.knola.ai/?ref=betalist","support@knola.ai","BetaList daily discovery","Knola","AI tools","Congrats on the recent Knola launch. The positioning around Turn your course idea into lessons, videos, and a sales page stood out as relevant for AIBeat readers.","","https://www.knola.ai/help","2026-10-06T10:50:30.473Z","2026-10-06T10:50:30.473Z","daily_2026-10-06_1791283830473_37452353840","2026-10-06T13:46:26.897Z"
"https://typerelay.com/?ref=betalist","hi@typerelay.com","BetaList daily discovery","Typerelay","AI tools","Congrats on the recent Typerelay launch. The positioning around Save reusable text snippets and paste them with shortcuts stood out as relevant for AIBeat readers.","","https://typerelay.com/?ref=betalist","2026-10-06T10:50:30.473Z","2026-10-06T10:50:30.473Z","daily_2026-10-06_1791283830473_37452353840","2026-10-06T13:46:31.377Z"
"https://octri.dev/?ref=betalist","hello@octri.dev","BetaList daily discovery","Octri.dev","AI tools","Congrats on the recent Octri.dev launch. The positioning around Generate customizable docs, SDKs, agent tools, and monitoring effortlessly stood out as relevant for AIBeat readers.","","https://octri.dev/?ref=betalist","2026-10-06T10:50:30.473Z","2026-10-06T10:50:30.473Z","daily_2026-10-06_1791283830473_37452353840","2026-10-06T13:46:36.136Z"
"https://powsight.com/?ref=betalist","contact@powsight.com","BetaList daily discovery","Powsight","AI tools","Congrats on the recent Powsight launch. The positioning around Growth Intelligence for SaaS Founders stood out as relevant for AIBeat readers.","","https://powsight.com/?ref=betalist","2026-10-06T10:50:30.473Z","2026-10-06T10:50:30.473Z","daily_2026-10-06_1791283830473_37452353840","2026-10-06T13:46:42.164Z"
"https://www.longlink.dev/?ref=betalist","info@longlink.dev","BetaList daily discovery","LongLink","AI tools","Congrats on the recent LongLink launch. The positioning around Build and operate business processes as code stood out as relevant for AIBeat readers.","","https://www.longlink.dev/impressum/","2026-10-06T10:50:30.473Z","2026-10-06T10:50:30.473Z","daily_2026-10-06_1791283830473_37452353840","2026-10-06T13:46:47.544Z"
"https://coddy.tech/math?ref=betalist","support@coddy.tech","BetaList daily discovery","Coddy Math","AI tools","Congrats on the recent Coddy Math launch. The positioning around Master math by solving problems step-by-step on an interactive board stood out as relevant for AIBeat readers.","","https://coddy.tech/contact","2026-10-06T10:50:30.473Z","2026-10-06T10:50:30.473Z","daily_2026-10-06_1791283830473_37452353840","2026-10-06T13:46:52.709Z"
"https://listingventures.com/?ref=betalist","support@listingventures.com","BetaList daily discovery","Listing Ventures AI","AI tools","Congrats on the recent Listing Ventures AI launch. The positioning around Turn item photos into ready Facebook and eBay listings stood out as relevant for AIBeat readers.","","https://listingventures.com/?ref=betalist","2026-10-07T10:37:44.793Z","2026-10-07T10:37:44.793Z","daily_2026-10-07_1791369464793_37608580658","2026-10-07T10:38:44.522Z"
"https://www.getleal.com/?ref=betalist","support@getleal.com","BetaList daily discovery","Leal","AI tools","Congrats on the recent Leal launch. The positioning around Create wallet-based loyalty cards that drive repeat visits stood out as relevant for AIBeat readers.","","https://www.getleal.com/about","2026-10-07T10:37:44.793Z","2026-10-07T10:37:44.793Z","daily_2026-10-07_1791369464793_37608580658","2026-10-07T10:38:48.909Z"
"https://tworavensjournal.com/?ref=betalist","hello@tworavensjournal.com","BetaList daily discovery","Two Ravens","AI tools","Congrats on the recent Two Ravens launch. The positioning around A journal that cross-examines what you write stood out as relevant for AIBeat readers.","","https://tworavensjournal.com/?ref=betalist","2026-10-07T10:37:44.793Z","2026-10-07T10:37:44.793Z","daily_2026-10-07_1791369464793_37608580658","2026-10-07T10:38:54.510Z"
"https://mainbrella.com/?ref=betalist","support@mainbrella.com","BetaList daily discovery","Mainbrella","AI tools","Congrats on the recent Mainbrella launch. The positioning around Spin up isolated Linux workspaces for agents via HTTP API stood out as relevant for AIBeat readers.","","https://mainbrella.com/about/","2026-10-07T10:37:44.793Z","2026-10-07T10:37:44.793Z","daily_2026-10-07_1791369464793_37608580658","2026-10-07T10:39:01.208Z"
"https://co-found.site/?ref=betalist","info@co-found.site","BetaList daily discovery","Co-Found","AI tools","Congrats on the recent Co-Found launch. The positioning around Find your co-founder and build in a shared workspace stood out as relevant for AIBeat readers.","","https://co-found.site/terms","2026-10-07T10:37:44.793Z","2026-10-07T10:37:44.793Z","daily_2026-10-07_1791369464793_37608580658","2026-10-07T10:39:08.409Z"
"https://www.memoryplugin.com/?ref=betalist","support@memoryplugin.com","BetaList daily discovery","MemoryPlugin BOOSTED","AI tools","Congrats on the recent MemoryPlugin BOOSTED launch. The positioning around Long term memory for ALL your AI tools stood out as relevant for AIBeat readers.","","https://www.memoryplugin.com/?ref=betalist","2026-10-07T10:37:44.793Z","2026-10-07T10:37:44.793Z","daily_2026-10-07_1791369464793_37608580658","2026-10-07T10:39:13.896Z"
"https://matill.ai/?ref=betalist","support@matill.ai","BetaList daily discovery","Matill","AI tools","Congrats on the recent Matill launch. The positioning around Hire autonomous AI teammates that work in Slack, GitHub, and Linear stood out as relevant for AIBeat readers.","","https://matill.ai/pricing","2026-10-08T10:59:05.653Z","2026-10-08T10:59:05.653Z","daily_2026-10-08_1791457145653_37766987527","2026-10-08T11:01:03.102Z"
"https://facadecolorizer.com/us/?ref=betalist","contact@facadecolorizer.com","BetaList daily discovery","FacadeColorizer","AI tools","Congrats on the recent FacadeColorizer launch. The positioning around Preview exterior and interior paint colors on your photos in 30 seconds stood out as relevant for AIBeat readers.","","https://facadecolorizer.com/us/?ref=betalist","2026-10-08T10:59:05.653Z","2026-10-08T10:59:05.653Z","daily_2026-10-08_1791457145653_37766987527","2026-10-08T11:01:09.572Z"
"https://breezaro.com/?ref=betalist","support@breezaro.com","BetaList daily discovery","Breezaro","AI tools","Congrats on the recent Breezaro launch. The positioning around A premium AI assistant without the premium price stood out as relevant for AIBeat readers.","","https://breezaro.com/contact","2026-10-08T10:59:05.653Z","2026-10-08T10:59:05.653Z","daily_2026-10-08_1791457145653_37766987527","2026-10-08T11:01:17.216Z"
"https://starch.ai/?ref=betalist","hello@starch.ai","BetaList daily discovery","Starch","AI tools","Congrats on the recent Starch launch. The positioning around Agentic AI solutions for investment banking workflows stood out as relevant for AIBeat readers.","","https://starch.ai/?ref=betalist","2026-10-08T10:59:05.653Z","2026-10-08T10:59:05.653Z","daily_2026-10-08_1791457145653_37766987527","2026-10-08T11:01:22.933Z"
"https://www.testcoo.com/?ref=betalist","service@testcoo.com","BetaList daily discovery","Testcoo","AI tools","Congrats on the recent Testcoo launch. The positioning around Book third-party product inspections and factory audits worldwide stood out as relevant for AIBeat readers.","","https://www.testcoo.com/?ref=betalist","2026-10-08T10:59:05.653Z","2026-10-08T10:59:05.653Z","daily_2026-10-08_1791457145653_37766987527","2026-10-08T11:01:29.308Z"
"https://timegoals.co/?ref=betalist","support@timegoals.co","BetaList daily discovery","TimeGoals","AI tools","Congrats on the recent TimeGoals launch. The positioning around Track billable hours and turn them into client-ready invoices fast stood out as relevant for AIBeat readers.","","https://timegoals.co/terms-of-service","2026-10-08T10:59:05.653Z","2026-10-08T10:59:05.653Z","daily_2026-10-08_1791457145653_37766987527","2026-10-08T11:01:35.536Z"
"https://lyricmv.com/?ref=betalist","support@lyricmv.com","BetaList daily discovery","LyricMV","AI tools","Congrats on the recent LyricMV launch. The positioning around Create AI-synced lyric videos from your song in minutes stood out as relevant for AIBeat readers.","","https://lyricmv.com/?ref=betalist","2026-10-09T10:57:36.339Z","2026-10-09T10:57:36.339Z","daily_2026-10-09_1791543456339_37920709981","2026-10-09T10:58:36.768Z"
"https://kwip.mt/?ref=betalist","hello@kwip.mt","BetaList daily discovery","Kwip","AI tools","Congrats on the recent Kwip launch. The positioning around Outsource your ecommerce deliveries with reliable vans and drivers stood out as relevant for AIBeat readers.","","https://kwip.mt/?ref=betalist","2026-10-09T10:57:36.339Z","2026-10-09T10:57:36.339Z","daily_2026-10-09_1791543456339_37920709981","2026-10-09T10:58:43.782Z"
"https://thingstohave.app/?ref=betalist","support@thingstohave.app","BetaList daily discovery","Things To Have","AI tools","Congrats on the recent Things To Have launch. The positioning around A calm wishlist app for you and your friends stood out as relevant for AIBeat readers.","","https://thingstohave.app/help","2026-10-09T10:57:36.339Z","2026-10-09T10:57:36.339Z","daily_2026-10-09_1791543456339_37920709981","2026-10-09T10:58:48.302Z"
"https://www.emailchaser.com/?ref=betalist","support@emailchaser.com","BetaList daily discovery","Emailchaser","AI tools","Congrats on the recent Emailchaser launch. The positioning around All-in-one cold email software with built-in lead finding stood out as relevant for AIBeat readers.","","https://www.emailchaser.com/?ref=betalist","2026-10-09T10:57:36.339Z","2026-10-09T10:57:36.339Z","daily_2026-10-09_1791543456339_37920709981","2026-10-09T10:58:52.911Z"
